{"Asset": "I-F2CTPFQU6PGVBHG6Q", "Data Sources": ["aws_inventory", "tenable_vuln_scan"], "Department": null, "External Ports": null, "External Services": null, "First Time Seen": 1641617715.0, "IP Address": ["192.168.83.159"], "Last Time Seen": 1653108915.0, "Location": "California", "MAC Address": ["b4:9e:ac:70:59:82"], "Manager": null, "OS and Version": "Windows 7", "Ports": ["22", "27017", "3389", "389", "443", "53", "5900", "80", "8080", "902", "9088", "995"], "Risk Factors": ["Potential Unmanaged Asset", "Asset Not Encrypted", "Not Protected by Host IDS", "Not Protected by Network IDS"], "Serial Number": null, "Services": ["ssh", "mongodb", "ms-wbt-server", "ldap", "https", "domain", "rfb", "http", "http-alt", "ideafarm-door", "sqlexec", "pop3s"], "User Name": null}
{"Asset": "I-P5CHHBU6X2MP2R4O4", "Data Sources": ["aws_inventory"], "Department": null, "External Ports": null, "External Services": null, "First Time Seen": 1645941315.0, "IP Address": ["192.168.0.117"], "Last Time Seen": 1653112515.0, "Location": "Virginia", "MAC Address": ["9c:69:37:47:ac:0c"], "Manager": null, "OS and Version": "Ubuntu 16.04.7", "Ports": ["22"], "Risk Factors": ["Potential Unmanaged Asset", "Asset Not Encrypted", "Not Protected by Host IDS", "Not Protected by Network IDS"], "Serial Number": null, "Services": ["ssh"], "User Name": null}
{"Asset": "TREIMER-QWW04EE", "Data Sources": ["ad_computer", "infoblox_dhcp", "pan_vpn", "sentinelone_agent", "sepm_protection"], "Department": "Finance", "External Ports": null, "External Services": null, "First Time Seen": 1646058556.0, "IP Address": ["192.168.54.144", "7.63.48.60"], "Last Time Seen": 1653117436.0, "Location": "Cheney, Kansas", "MAC Address": ["68:12:2d:51:01:8d"], "Manager": "Gary Conner", "OS and Version": "Ubuntu 16.04.7", "Ports": null, "Risk Factors": ["Potential Unmanaged Asset", "Potential Public-facing Asset", "Potential Private Data Detected"], "Serial Number": "QWW04EE", "Services": null, "User Name": "TREIMER"}
{"Asset": "I-OZ4BHYGQEQ60KF8UI", "Data Sources": ["aws_inventory", "tenable_vuln_scan"], "Department": "Security", "External Ports": null, "External Services": null, "First Time Seen": 1647660916.0, "IP Address": ["10.53.125.99", "139.191.128.112"], "Last Time Seen": 1653363316.0, "Location": "Ohio", "MAC Address": ["68:12:2d:a5:15:f8"], "Manager": "Brooke Moore", "OS and Version": "Windows Server 2019", "Ports": ["21", "22", "27017", "3389", "389", "443", "53", "80", "8080", "902", "9088", "995"], "Risk Factors": ["Open to Public Inbound Access", "Potential Public-facing Asset"], "Serial Number": null, "Services": ["ftp", "ssh", "mongodb", "ms-wbt-server", "ldap", "https", "domain", "http", "http-alt", "ideafarm-door", "sqlexec", "pop3s"], "User Name": "BALEO"}
{"Asset": "I-U6V227W8L273TQN61", "Data Sources": ["aws_inventory", "tenable_vuln_scan"], "Department": null, "External Ports": null, "External Services": null, "First Time Seen": 1641182715.0, "IP Address": ["10.32.28.40"], "Last Time Seen": 1653105915.0, "Location": "Oregon", "MAC Address": ["68:05:71:92:75:97"], "Manager": null, "OS and Version": "Windows 10", "Ports": ["9088"], "Risk Factors": ["Potential Unmanaged Asset", "Asset Not Encrypted", "Not Protected by Host IDS", "Not Protected by Network IDS"], "Serial Number": null, "Services": ["sqlexec"], "User Name": null}
{"Asset": "I-OWTEMMQG4769JFJIA", "Data Sources": ["aws_inventory"], "Department": "HR", "External Ports": null, "External Services": null, "First Time Seen": 1640246716.0, "IP Address": ["10.188.86.86"], "Last Time Seen": 1653379516.0, "Location": "Virginia", "MAC Address": ["38:1c:1a:67:52:93"], "Manager": "Gladys Townley", "OS and Version": "Windows Server 2016", "Ports": ["22", "3389", "443", "53", "5900", "8080", "902"], "Risk Factors": ["Potential Private Data Detected", "Potential Unmanaged Asset", "Asset Not Encrypted", "Not Protected by Host IDS", "Not Protected by Network IDS"], "Serial Number": null, "Services": ["ssh", "ms-wbt-server", "https", "domain", "rfb", "http-alt", "ideafarm-door"], "User Name": "PKIEFER"}
{"Asset": "I-U682JL7IXQCTYGSKX", "Data Sources": ["aws_inventory"], "Department": null, "External Ports": null, "External Services": null, "First Time Seen": 1641525915.0, "IP Address": ["10.93.194.87"], "Last Time Seen": 1653103515.0, "Location": "Ohio", "MAC Address": ["bc:66:41:63:4c:fb"], "Manager": null, "OS and Version": "Windows 7", "Ports": null, "Risk Factors": ["Potential Unmanaged Asset", "Asset Not Encrypted", "Not Protected by Host IDS", "Not Protected by Network IDS"], "Serial Number": null, "Services": null, "User Name": null}
{"Asset": "I-1H7OJ9OD6S54H13GQ", "Data Sources": ["aws_inventory"], "Department": null, "External Ports": null, "External Services": null, "First Time Seen": 1651217116.0, "IP Address": ["172.29.205.158", "240.58.217.72"], "Last Time Seen": 1653377116.0, "Location": "Oregon", "MAC Address": ["ec:64:88:79:63:c1"], "Manager": null, "OS and Version": "Windows XP", "Ports": ["22", "27017", "389", "9088"], "Risk Factors": ["Open to Public Inbound Access"], "Serial Number": null, "Services": ["ssh", "mongodb", "ldap", "sqlexec"], "User Name": null}
{"Asset": "I-U6V2X8JY4YP634NEI", "Data Sources": ["aws_inventory"], "Department": "Finance", "External Ports": null, "External Services": null, "First Time Seen": 1649991915.0, "IP Address": ["10.199.93.200"], "Last Time Seen": 1653102315.0, "Location": "Virginia", "MAC Address": ["00:0d:bf:64:82:31"], "Manager": "Harriet Trammell", "OS and Version": "Windows Server 2019", "Ports": ["21", "22", "27017", "3389", "389", "443", "53", "902", "9088", "995"], "Risk Factors": ["Potential Private Data Detected", "Potential Unmanaged Asset", "Asset Not Encrypted", "Not Protected by Host IDS", "Not Protected by Network IDS"], "Serial Number": null, "Services": ["ftp", "ssh", "mongodb", "ms-wbt-server", "ldap", "https", "domain", "ideafarm-door", "sqlexec", "pop3s"], "User Name": "HMAULDIN"}
{"Asset": "I-ARAW62V6N3CJUODE2", "Data Sources": ["aws_inventory"], "Department": "Legal", "External Ports": null, "External Services": null, "First Time Seen": 1649224516.0, "IP Address": ["10.11.132.32"], "Last Time Seen": 1653371716.0, "Location": "California", "MAC Address": ["64:61:84:26:3b:6e"], "Manager": "Lillian Roney", "OS and Version": "Ubuntu 18.04.6", "Ports": ["21", "22", "27017", "3389", "389", "443", "53", "5900", "80", "8080", "902", "9088"], "Risk Factors": ["Potential Private Data Detected", "Potential Unmanaged Asset", "Asset Not Encrypted", "Not Protected by Host IDS", "Not Protected by Network IDS"], "Serial Number": null, "Services": ["ftp", "ssh", "mongodb", "ms-wbt-server", "ldap", "https", "domain", "rfb", "http", "http-alt", "ideafarm-door", "sqlexec"], "User Name": "NFLORES"}
{"Asset": "I-J8NCAP09DV0CDWV06", "Data Sources": ["aws_inventory"], "Department": null, "External Ports": null, "External Services": null, "First Time Seen": 1639632316.0, "IP Address": ["192.168.154.34"], "Last Time Seen": 1653369916.0, "Location": "Oregon", "MAC Address": ["64:42:12:e9:6b:a4"], "Manager": null, "OS and Version": "Windows XP", "Ports": ["21", "22", "27017", "3389", "389", "443", "80", "8080", "902", "9088", "995"], "Risk Factors": ["Potential Unmanaged Asset", "Asset Not Encrypted", "Not Protected by Host IDS", "Not Protected by Network IDS"], "Serial Number": null, "Services": ["ftp", "ssh", "mongodb", "ms-wbt-server", "ldap", "https", "http", "http-alt", "ideafarm-door", "sqlexec", "pop3s"], "User Name": null}
{"Asset": "PCOLLINS-AZFRU29", "Data Sources": ["ad_computer", "infoblox_dhcp", "sentinelone_agent"], "Department": "Product", "External Ports": null, "External Services": null, "First Time Seen": 1640493613.0, "IP Address": ["10.53.92.5", "144.91.12.100"], "Last Time Seen": 1653108639.0, "Location": "Cheney, Kansas", "MAC Address": ["64:35:1c:48:fe:b5"], "Manager": "Jeffrey Rogers", "OS and Version": "Mac OS X 10.15", "Ports": null, "Risk Factors": ["Potential Unmanaged Asset", "Potential Public-facing Asset"], "Serial Number": "AZFRU29", "Services": null, "User Name": "PCOLLINS"}
{"Asset": "I-GC8VDR3TWS06JIEA5", "Data Sources": ["aws_inventory"], "Department": null, "External Ports": null, "External Services": null, "First Time Seen": 1639716315.0, "IP Address": ["10.87.222.43"], "Last Time Seen": 1653108315.0, "Location": "Oregon", "MAC Address": ["64:23:15:47:5a:b3"], "Manager": null, "OS and Version": "Windows XP", "Ports": ["22", "3389", "80", "9088", "995"], "Risk Factors": ["Potential Unmanaged Asset", "Asset Not Encrypted", "Not Protected by Host IDS", "Not Protected by Network IDS"], "Serial Number": null, "Services": ["ssh", "ms-wbt-server", "http", "sqlexec", "pop3s"], "User Name": null}
{"Asset": "I-1I2HLA2W01HKS52RY", "Data Sources": ["aws_inventory"], "Department": null, "External Ports": null, "External Services": null, "First Time Seen": 1648794916.0, "IP Address": ["172.17.139.135"], "Last Time Seen": 1653114916.0, "Location": "California", "MAC Address": ["00:e0:2a:63:41:87"], "Manager": null, "OS and Version": "Windows 10", "Ports": ["21", "22", "27017", "389", "5900", "80", "8080", "902", "9088", "995"], "Risk Factors": ["Potential Unmanaged Asset", "Asset Not Encrypted", "Not Protected by Host IDS", "Not Protected by Network IDS"], "Serial Number": null, "Services": ["ftp", "ssh", "mongodb", "ldap", "rfb", "http", "http-alt", "ideafarm-door", "sqlexec", "pop3s"], "User Name": null}
{"Asset": "TPEREZ-R7FTZLM", "Data Sources": ["ad_computer", "infoblox_dhcp", "sentinelone_agent", "sepm_protection"], "Department": "Sales", "External Ports": null, "External Services": null, "First Time Seen": 1639261756.0, "IP Address": ["172.20.227.198", "226.5.16.63"], "Last Time Seen": 1653375809.0, "Location": null, "MAC Address": ["00:0a:61:25:3d:75"], "Manager": "Gerald Kerr", "OS and Version": "Mac OS X 10.15", "Ports": ["389", "53", "5900", "8080", "902", "995"], "Risk Factors": ["Potential Unmanaged Asset", "Potential Public-facing Asset", "Potential Private Data Detected"], "Serial Number": "R7FTZLM", "Services": ["ldap", "domain", "rfb", "http-alt", "ideafarm-door", "pop3s"], "User Name": "TPEREZ"}
{"Asset": "I-P59WX59HE0JRLAAE1", "Data Sources": ["aws_inventory"], "Department": "IT", "External Ports": null, "External Services": null, "First Time Seen": 1648713916.0, "IP Address": ["10.74.141.65"], "Last Time Seen": 1653379516.0, "Location": "Ohio", "MAC Address": ["60:57:18:fd:ce:6f"], "Manager": "Ernest Jordan", "OS and Version": "Windows Server 2012", "Ports": ["8080"], "Risk Factors": ["Potential Private Data Detected", "Potential Unmanaged Asset", "Asset Not Encrypted", "Not Protected by Host IDS", "Not Protected by Network IDS"], "Serial Number": null, "Services": ["http-alt"], "User Name": "DBUNCH"}
{"Asset": "I-98Y1Y5BGN5YXUQ6B3", "Data Sources": ["aws_inventory"], "Department": "IT", "External Ports": null, "External Services": null, "First Time Seen": 1643780716.0, "IP Address": ["172.16.106.88", "198.163.18.166"], "Last Time Seen": 1653371116.0, "Location": "Oregon", "MAC Address": ["60:48:26:4f:be:c2"], "Manager": "Jeanne Armstrong", "OS and Version": "Windows XP", "Ports": ["21", "22", "27017", "3389", "389", "443", "53", "80", "8080", "902", "9088", "995"], "Risk Factors": ["Open to Public Inbound Access", "Potential Public-facing Asset"], "Serial Number": null, "Services": ["ftp", "ssh", "mongodb", "ms-wbt-server", "ldap", "https", "domain", "http", "http-alt", "ideafarm-door", "sqlexec", "pop3s"], "User Name": "MFRANCIS"}
{"Asset": "I-1S9SHHQ6NLSH602U4", "Data Sources": ["aws_inventory", "tenable_vuln_scan"], "Department": null, "External Ports": null, "External Services": null, "First Time Seen": 1642305916.0, "IP Address": ["10.57.60.97"], "Last Time Seen": 1653365116.0, "Location": "California", "MAC Address": ["60:19:70:b3:42:50"], "Manager": null, "OS and Version": "Windows 10", "Ports": ["21", "22", "5900", "80", "995"], "Risk Factors": ["Potential Unmanaged Asset", "Asset Not Encrypted", "Not Protected by Host IDS", "Not Protected by Network IDS"], "Serial Number": null, "Services": ["ftp", "ssh", "rfb", "http", "pop3s"], "User Name": null}
{"Asset": "I-QM0DZPWU341WETBPX", "Data Sources": ["aws_inventory"], "Department": "HR", "External Ports": null, "External Services": null, "First Time Seen": 1651903516.0, "IP Address": ["192.168.177.7"], "Last Time Seen": 1653372316.0, "Location": "Virginia", "MAC Address": ["60:04:17:09:f4:f2"], "Manager": "Candace Baker", "OS and Version": "Windows 10", "Ports": ["21", "27017", "3389", "389", "443", "53", "5900", "80", "8080", "995"], "Risk Factors": ["Potential Private Data Detected", "Potential Unmanaged Asset", "Asset Not Encrypted", "Not Protected by Host IDS", "Not Protected by Network IDS"], "Serial Number": null, "Services": ["ftp", "mongodb", "ms-wbt-server", "ldap", "https", "domain", "rfb", "http", "http-alt", "pop3s"], "User Name": "JHAGINS"}
{"Asset": "I-6F81G950DFDOCW6JY", "Data Sources": ["aws_inventory", "tenable_vuln_scan"], "Department": "Marketing", "External Ports": null, "External Services": null, "First Time Seen": 1646805316.0, "IP Address": ["10.26.172.117"], "Last Time Seen": 1653112516.0, "Location": "Virginia", "MAC Address": ["58:97:1e:b1:38:39"], "Manager": "Nicole Burke", "OS and Version": "Ubuntu 16.04.7", "Ports": ["21", "27017", "3389", "53", "5900", "8080", "902"], "Risk Factors": ["Potential Private Data Detected", "Potential Unmanaged Asset", "Asset Not Encrypted", "Not Protected by Host IDS", "Not Protected by Network IDS"], "Serial Number": null, "Services": ["ftp", "mongodb", "ms-wbt-server", "domain", "rfb", "http-alt", "ideafarm-door"], "User Name": "JHARRISON"}
{"Asset": "I-GD210H6HG7M3VQD3C", "Data Sources": ["aws_inventory"], "Department": null, "External Ports": null, "External Services": null, "First Time Seen": 1649577916.0, "IP Address": ["192.168.230.215"], "Last Time Seen": 1653379516.0, "Location": "Oregon", "MAC Address": ["00:1e:6b:58:73:82"], "Manager": null, "OS and Version": "Windows 10", "Ports": ["389", "53", "80"], "Risk Factors": ["Potential Unmanaged Asset", "Asset Not Encrypted", "Not Protected by Host IDS", "Not Protected by Network IDS"], "Serial Number": null, "Services": ["ldap", "domain", "http"], "User Name": null}
{"Asset": "I-P6TQKV72XGWQ3TECE", "Data Sources": ["aws_inventory"], "Department": "Sales", "External Ports": null, "External Services": null, "First Time Seen": 1648270515.0, "IP Address": ["192.168.116.131"], "Last Time Seen": 1653108915.0, "Location": "Oregon", "MAC Address": ["58:04:54:4a:4b:d5"], "Manager": "Earl Myers", "OS and Version": "Windows Server 2019", "Ports": ["21", "27017", "3389", "443", "53", "5900", "80", "902", "9088", "995"], "Risk Factors": ["Potential Private Data Detected", "Potential Unmanaged Asset", "Asset Not Encrypted", "Not Protected by Host IDS", "Not Protected by Network IDS"], "Serial Number": null, "Services": ["ftp", "mongodb", "ms-wbt-server", "https", "domain", "rfb", "http", "ideafarm-door", "sqlexec", "pop3s"], "User Name": "JBIRMINGHAM"}
{"Asset": "I-49NESBV7NTAF5OAN7", "Data Sources": ["aws_inventory", "tenable_vuln_scan"], "Department": null, "External Ports": null, "External Services": null, "First Time Seen": 1641791115.0, "IP Address": ["172.17.44.231"], "Last Time Seen": 1653109515.0, "Location": "Ohio", "MAC Address": ["54:93:59:9f:53:c8"], "Manager": null, "OS and Version": "Windows Server 2012", "Ports": ["22", "27017", "3389", "389", "443", "53", "5900", "80", "8080", "902", "9088", "995"], "Risk Factors": ["Potential Unmanaged Asset", "Asset Not Encrypted", "Not Protected by Host IDS", "Not Protected by Network IDS"], "Serial Number": null, "Services": ["ssh", "mongodb", "ms-wbt-server", "ldap", "https", "domain", "rfb", "http", "http-alt", "ideafarm-door", "sqlexec", "pop3s"], "User Name": null}
{"Asset": "172.22.57.178", "Data Sources": ["tenable_vuln_scan"], "Department": null, "External Ports": null, "External Services": null, "First Time Seen": 1653073757.0, "IP Address": ["172.22.57.178"], "Last Time Seen": 1653103037.0, "Location": null, "MAC Address": ["78:59:5e:87:3e:69"], "Manager": null, "OS and Version": null, "Ports": null, "Risk Factors": ["Critical Severity Vulnerabilities Detected", "High Severity Vulnerabilities Detected"], "Serial Number": null, "Services": null, "User Name": null}
{"Asset": "I-1OX90M1FVNS555M6O", "Data Sources": ["aws_inventory"], "Department": "Finance", "External Ports": null, "External Services": null, "First Time Seen": 1646885115.0, "IP Address": ["10.16.204.149", "71.246.46.37"], "Last Time Seen": 1653105915.0, "Location": "Virginia", "MAC Address": ["54:52:84:13:64:f7"], "Manager": "Susan Larson", "OS and Version": "Windows 7", "Ports": ["21", "27017", "3389", "80", "902"], "Risk Factors": ["Open to Public Inbound Access", "Potential Public-facing Asset", "Potential Private Data Detected"], "Serial Number": null, "Services": ["ftp", "mongodb", "ms-wbt-server", "http", "ideafarm-door"], "User Name": "JAVILA"}
{"Asset": "I-R12JSZFBZE1FA775E", "Data Sources": ["aws_inventory"], "Department": "Marketing", "External Ports": null, "External Services": null, "First Time Seen": 1651040115.0, "IP Address": ["172.26.34.244"], "Last Time Seen": 1652854515.0, "Location": "Ohio", "MAC Address": ["78:44:05:f7:2a:c7"], "Manager": "Heather Newsom", "OS and Version": "Windows Server 2019", "Ports": ["21", "3389", "389", "5900", "80", "8080", "902", "9088", "995"], "Risk Factors": ["Potential Private Data Detected", "Potential Unmanaged Asset", "Asset Not Encrypted", "Not Protected by Host IDS", "Not Protected by Network IDS"], "Serial Number": null, "Services": ["ftp", "ms-wbt-server", "ldap", "rfb", "http", "http-alt", "ideafarm-door", "sqlexec", "pop3s"], "User Name": "BBURROWS"}
{"Asset": "I-UWL95EMG1ZNL9UT3F", "Data Sources": ["aws_inventory"], "Department": null, "External Ports": null, "External Services": null, "First Time Seen": 1641269116.0, "IP Address": ["192.168.132.172"], "Last Time Seen": 1653105916.0, "Location": "Oregon", "MAC Address": ["7c:9a:9b:54:35:78"], "Manager": null, "OS and Version": "Ubuntu 18.04.6", "Ports": ["21", "27017", "3389", "389", "443", "53", "5900", "902", "995"], "Risk Factors": ["Potential Unmanaged Asset", "Asset Not Encrypted", "Not Protected by Host IDS", "Not Protected by Network IDS"], "Serial Number": null, "Services": ["ftp", "mongodb", "ms-wbt-server", "ldap", "https", "domain", "rfb", "ideafarm-door", "pop3s"], "User Name": null}
{"Asset": "I-QYN114O9S65NKGTSI", "Data Sources": ["aws_inventory"], "Department": "IT", "External Ports": null, "External Services": null, "First Time Seen": 1645507515.0, "IP Address": ["192.168.177.27"], "Last Time Seen": 1652851515.0, "Location": "Ohio", "MAC Address": ["00:8a:76:90:71:05"], "Manager": "Julie Romero", "OS and Version": "Ubuntu 18.04.6", "Ports": ["443"], "Risk Factors": ["Potential Private Data Detected", "Potential Unmanaged Asset", "Asset Not Encrypted", "Not Protected by Host IDS", "Not Protected by Network IDS"], "Serial Number": null, "Services": ["https"], "User Name": "ESMITH"}
{"Asset": "I-QYN114O9S65NKGTSI", "Data Sources": ["aws_inventory"], "Department": "IT", "External Ports": null, "External Services": null, "First Time Seen": 1645507515.0, "IP Address": ["192.168.177.27"], "Last Time Seen": 1652851515.0, "Location": "Ohio", "MAC Address": ["00:8a:76:90:71:05"], "Manager": "Julie Romero", "OS and Version": "Ubuntu 18.04.6", "Ports": ["443"], "Risk Factors": ["Potential Private Data Detected", "Potential Unmanaged Asset", "Asset Not Encrypted", "Not Protected by Host IDS", "Not Protected by Network IDS"], "Serial Number": null, "Services": ["https"], "User Name": "ESMITH"}
{"Asset": "I-VK6UAVERUZJB1C5CL", "Data Sources": ["aws_inventory"], "Department": "Product", "External Ports": null, "External Services": null, "First Time Seen": 1639458316.0, "IP Address": ["192.168.88.251"], "Last Time Seen": 1653368716.0, "Location": "California", "MAC Address": ["80:eb:77:24:01:23"], "Manager": "Lupe Andersen", "OS and Version": "Ubuntu 16.04.7", "Ports": ["21", "27017", "3389", "389", "443", "53", "8080", "902", "995"], "Risk Factors": ["Potential Private Data Detected", "Potential Unmanaged Asset", "Asset Not Encrypted", "Not Protected by Host IDS", "Not Protected by Network IDS"], "Serial Number": null, "Services": ["ftp", "mongodb", "ms-wbt-server", "ldap", "https", "domain", "http-alt", "ideafarm-door", "pop3s"], "User Name": "SKRUEGER"}
{"Asset": "I-VK6UAVERUZJB1C5CL", "Data Sources": ["aws_inventory"], "Department": "Product", "External Ports": null, "External Services": null, "First Time Seen": 1639458316.0, "IP Address": ["192.168.88.251"], "Last Time Seen": 1653368716.0, "Location": "California", "MAC Address": ["80:eb:77:24:01:23"], "Manager": "Lupe Andersen", "OS and Version": "Ubuntu 16.04.7", "Ports": ["21", "27017", "3389", "389", "443", "53", "8080", "902", "995"], "Risk Factors": ["Potential Private Data Detected", "Potential Unmanaged Asset", "Asset Not Encrypted", "Not Protected by Host IDS", "Not Protected by Network IDS"], "Serial Number": null, "Services": ["ftp", "mongodb", "ms-wbt-server", "ldap", "https", "domain", "http-alt", "ideafarm-door", "pop3s"], "User Name": "SKRUEGER"}
{"Asset": "I-HBKVGY14LL9UTN6D0", "Data Sources": ["aws_inventory"], "Department": null, "External Ports": null, "External Services": null, "First Time Seen": 1643859315.0, "IP Address": ["172.22.137.19"], "Last Time Seen": 1653104115.0, "Location": "Virginia", "MAC Address": ["7c:52:59:1d:7a:0b"], "Manager": null, "OS and Version": "Ubuntu 18.04.6", "Ports": ["21", "22", "27017", "3389", "389", "443", "53", "5900", "80", "8080", "9088", "995"], "Risk Factors": ["Potential Unmanaged Asset", "Asset Not Encrypted", "Not Protected by Host IDS", "Not Protected by Network IDS"], "Serial Number": null, "Services": ["ftp", "ssh", "mongodb", "ms-wbt-server", "ldap", "https", "domain", "rfb", "http", "http-alt", "sqlexec", "pop3s"], "User Name": null}
{"Asset": "I-2PNWK8YP3N5OP0HPJ", "Data Sources": ["aws_inventory"], "Department": "Sales", "External Ports": null, "External Services": null, "First Time Seen": 1639893316.0, "IP Address": ["192.168.107.31", "48.90.26.92"], "Last Time Seen": 1653112516.0, "Location": "California", "MAC Address": ["44:8c:52:37:3d:bd"], "Manager": "Virginia Miller", "OS and Version": "Ubuntu 16.04.7", "Ports": ["21", "22", "27017", "389", "443", "53", "5900", "80", "8080", "902", "9088", "995"], "Risk Factors": ["Open to Public Inbound Access", "Potential Public-facing Asset", "Potential Private Data Detected"], "Serial Number": null, "Services": ["ftp", "ssh", "mongodb", "ldap", "https", "domain", "rfb", "http", "http-alt", "ideafarm-door", "sqlexec", "pop3s"], "User Name": "LAHLMAN"}
{"Asset": "I-V8KYACY2D0N76Q9R1", "Data Sources": ["aws_inventory"], "Department": "Marketing", "External Ports": null, "External Services": null, "First Time Seen": 1652419516.0, "IP Address": ["10.184.62.212"], "Last Time Seen": 1653110716.0, "Location": "Oregon", "MAC Address": ["ec:3a:52:23:84:61"], "Manager": "Ryan Bell", "OS and Version": "Windows Server 2019", "Ports": ["21", "27017", "389", "5900", "8080", "902", "9088"], "Risk Factors": ["Potential Private Data Detected", "Potential Unmanaged Asset", "Asset Not Encrypted", "Not Protected by Host IDS", "Not Protected by Network IDS"], "Serial Number": null, "Services": ["ftp", "mongodb", "ldap", "rfb", "http-alt", "ideafarm-door", "sqlexec"], "User Name": "MRAWLINGS"}
{"Asset": "I-QEKXNN1X3TEHI2SSZ", "Data Sources": ["aws_inventory"], "Department": "IT", "External Ports": null, "External Services": null, "First Time Seen": 1638777916.0, "IP Address": ["10.47.26.38"], "Last Time Seen": 1653379516.0, "Location": "Ohio", "MAC Address": ["b0:8c:75:63:0a:ce"], "Manager": "Madonna Uriegas", "OS and Version": "Ubuntu 18.04.6", "Ports": ["53", "9088"], "Risk Factors": ["Potential Private Data Detected", "Potential Unmanaged Asset", "Asset Not Encrypted", "Not Protected by Host IDS", "Not Protected by Network IDS"], "Serial Number": null, "Services": ["domain", "sqlexec"], "User Name": "EVELA"}
{"Asset": "I-QEKXNN1X3TEHI2SSZ", "Data Sources": ["aws_inventory"], "Department": "IT", "External Ports": null, "External Services": null, "First Time Seen": 1638777916.0, "IP Address": ["10.47.26.38"], "Last Time Seen": 1653379516.0, "Location": "Ohio", "MAC Address": ["b0:8c:75:63:0a:ce"], "Manager": "Madonna Uriegas", "OS and Version": "Ubuntu 18.04.6", "Ports": ["53", "9088"], "Risk Factors": ["Potential Private Data Detected", "Potential Unmanaged Asset", "Asset Not Encrypted", "Not Protected by Host IDS", "Not Protected by Network IDS"], "Serial Number": null, "Services": ["domain", "sqlexec"], "User Name": "EVELA"}
{"Asset": "I-QEKXNN1X3TEHI2SSZ", "Data Sources": ["aws_inventory"], "Department": "IT", "External Ports": null, "External Services": null, "First Time Seen": 1638777916.0, "IP Address": ["10.47.26.38"], "Last Time Seen": 1653379516.0, "Location": "Ohio", "MAC Address": ["b0:8c:75:63:0a:ce"], "Manager": "Madonna Uriegas", "OS and Version": "Ubuntu 18.04.6", "Ports": ["53", "9088"], "Risk Factors": ["Potential Private Data Detected", "Potential Unmanaged Asset", "Asset Not Encrypted", "Not Protected by Host IDS", "Not Protected by Network IDS"], "Serial Number": null, "Services": ["domain", "sqlexec"], "User Name": "EVELA"}
{"Asset": "I-QEKXNN1X3TEHI2SSZ", "Data Sources": ["aws_inventory"], "Department": "IT", "External Ports": null, "External Services": null, "First Time Seen": 1638777916.0, "IP Address": ["10.47.26.38"], "Last Time Seen": 1653379516.0, "Location": "Ohio", "MAC Address": ["b0:8c:75:63:0a:ce"], "Manager": "Madonna Uriegas", "OS and Version": "Ubuntu 18.04.6", "Ports": ["53", "9088"], "Risk Factors": ["Potential Private Data Detected", "Potential Unmanaged Asset", "Asset Not Encrypted", "Not Protected by Host IDS", "Not Protected by Network IDS"], "Serial Number": null, "Services": ["domain", "sqlexec"], "User Name": "EVELA"}
{"Asset": "I-QEKXNN1X3TEHI2SSZ", "Data Sources": ["aws_inventory"], "Department": "IT", "External Ports": null, "External Services": null, "First Time Seen": 1638777916.0, "IP Address": ["10.47.26.38"], "Last Time Seen": 1653379516.0, "Location": "Ohio", "MAC Address": ["b0:8c:75:63:0a:ce"], "Manager": "Madonna Uriegas", "OS and Version": "Ubuntu 18.04.6", "Ports": ["53", "9088"], "Risk Factors": ["Potential Private Data Detected", "Potential Unmanaged Asset", "Asset Not Encrypted", "Not Protected by Host IDS", "Not Protected by Network IDS"], "Serial Number": null, "Services": ["domain", "sqlexec"], "User Name": "EVELA"}
{"Asset": "I-467HA0ZGSP7QJLVW4", "Data Sources": ["aws_inventory"], "Department": "HR", "External Ports": null, "External Services": null, "First Time Seen": 1651291516.0, "IP Address": ["172.25.65.232"], "Last Time Seen": 1653365116.0, "Location": "California", "MAC Address": ["00:00:cb:51:50:3b"], "Manager": "Rose Taylor", "OS and Version": "Windows Server 2012", "Ports": ["21", "22", "3389", "443", "5900", "80", "8080", "9088"], "Risk Factors": ["Potential Private Data Detected", "Potential Unmanaged Asset", "Asset Not Encrypted", "Not Protected by Host IDS", "Not Protected by Network IDS"], "Serial Number": null, "Services": ["ftp", "ssh", "ms-wbt-server", "https", "rfb", "http", "http-alt", "sqlexec"], "User Name": "RBALL"}
{"Asset": "JGOLDSBERRY-1C323W7", "Data Sources": ["ad_computer", "infoblox_dhcp", "sentinelone_agent", "sepm_protection"], "Department": "Finance", "External Ports": null, "External Services": null, "First Time Seen": 1638956476.0, "IP Address": ["192.168.87.200"], "Last Time Seen": 1653368505.0, "Location": null, "MAC Address": ["74:99:75:ea:a0:32"], "Manager": "Hyman Curry", "OS and Version": "Windows XP", "Ports": null, "Risk Factors": ["Potential Unmanaged Asset", "Endpoint Protection Not Updated", "Potential Private Data Detected"], "Serial Number": "1C323W7", "Services": null, "User Name": "JGOLDSBERRY"}
{"Asset": "I-B0PE0L184IFC9372P", "Data Sources": ["aws_inventory"], "Department": "Facility", "External Ports": null, "External Services": null, "First Time Seen": 1637821516.0, "IP Address": ["192.168.75.131"], "Last Time Seen": 1653373516.0, "Location": "California", "MAC Address": ["74:85:2a:8d:8d:6c"], "Manager": "Lawrence Nance", "OS and Version": "Windows XP", "Ports": null, "Risk Factors": ["Potential Unmanaged Asset", "Asset Not Encrypted", "Potential Private Data Detected", "Not Protected by Host IDS", "Not Protected by Network IDS"], "Serial Number": null, "Services": null, "User Name": "KMARTINEZ"}
{"Asset": "I-B0PE0L184IFC9372P", "Data Sources": ["aws_inventory"], "Department": "Facility", "External Ports": null, "External Services": null, "First Time Seen": 1637821516.0, "IP Address": ["192.168.75.131"], "Last Time Seen": 1653373516.0, "Location": "California", "MAC Address": ["74:85:2a:8d:8d:6c"], "Manager": "Lawrence Nance", "OS and Version": "Windows XP", "Ports": null, "Risk Factors": ["Potential Unmanaged Asset", "Asset Not Encrypted", "Potential Private Data Detected", "Not Protected by Host IDS", "Not Protected by Network IDS"], "Serial Number": null, "Services": null, "User Name": "KMARTINEZ"}
{"Asset": "I-B0PE0L184IFC9372P", "Data Sources": ["aws_inventory"], "Department": "Facility", "External Ports": null, "External Services": null, "First Time Seen": 1637821516.0, "IP Address": ["192.168.75.131"], "Last Time Seen": 1653373516.0, "Location": "California", "MAC Address": ["74:85:2a:8d:8d:6c"], "Manager": "Lawrence Nance", "OS and Version": "Windows XP", "Ports": null, "Risk Factors": ["Potential Unmanaged Asset", "Asset Not Encrypted", "Potential Private Data Detected", "Not Protected by Host IDS", "Not Protected by Network IDS"], "Serial Number": null, "Services": null, "User Name": "KMARTINEZ"}
{"Asset": "I-B0PE0L184IFC9372P", "Data Sources": ["aws_inventory"], "Department": "Facility", "External Ports": null, "External Services": null, "First Time Seen": 1637821516.0, "IP Address": ["192.168.75.131"], "Last Time Seen": 1653373516.0, "Location": "California", "MAC Address": ["74:85:2a:8d:8d:6c"], "Manager": "Lawrence Nance", "OS and Version": "Windows XP", "Ports": null, "Risk Factors": ["Potential Unmanaged Asset", "Asset Not Encrypted", "Potential Private Data Detected", "Not Protected by Host IDS", "Not Protected by Network IDS"], "Serial Number": null, "Services": null, "User Name": "KMARTINEZ"}
{"Asset": "I-5DYBUZOXBW1J6OXF0", "Data Sources": ["aws_inventory"], "Department": "Sales", "External Ports": null, "External Services": null, "First Time Seen": 1641189915.0, "IP Address": ["10.89.143.184"], "Last Time Seen": 1653113115.0, "Location": "Virginia", "MAC Address": ["00:07:fc:51:20:4b"], "Manager": "Kathleen Wade", "OS and Version": "Ubuntu 16.04.7", "Ports": ["22", "3389", "389", "902", "9088"], "Risk Factors": ["Potential Private Data Detected", "Potential Unmanaged Asset", "Asset Not Encrypted", "Not Protected by Host IDS", "Not Protected by Network IDS"], "Serial Number": null, "Services": ["ssh", "ms-wbt-server", "ldap", "ideafarm-door", "sqlexec"], "User Name": "RMACCARONE"}
{"Asset": "I-RJZAS0FOLNZLKGWFS", "Data Sources": ["aws_inventory"], "Department": null, "External Ports": null, "External Services": null, "First Time Seen": 1642045514.0, "IP Address": ["106.49.61.10", "172.29.7.126"], "Last Time Seen": 1652845514.0, "Location": "California", "MAC Address": ["74:78:18:36:a9:29"], "Manager": null, "OS and Version": "Windows Server 2016", "Ports": ["22", "27017", "3389", "389", "443", "53", "80", "8080", "902", "9088", "995"], "Risk Factors": ["Open to Public Inbound Access", "Potential Public-facing Asset"], "Serial Number": null, "Services": ["ssh", "mongodb", "ms-wbt-server", "ldap", "https", "domain", "http", "http-alt", "ideafarm-door", "sqlexec", "pop3s"], "User Name": null}
{"Asset": "I-RJZAS0FOLNZLKGWFS", "Data Sources": ["aws_inventory"], "Department": null, "External Ports": null, "External Services": null, "First Time Seen": 1642045514.0, "IP Address": ["106.49.61.10", "172.29.7.126"], "Last Time Seen": 1652845514.0, "Location": "California", "MAC Address": ["74:78:18:36:a9:29"], "Manager": null, "OS and Version": "Windows Server 2016", "Ports": ["22", "27017", "3389", "389", "443", "53", "80", "8080", "902", "9088", "995"], "Risk Factors": ["Open to Public Inbound Access", "Potential Public-facing Asset"], "Serial Number": null, "Services": ["ssh", "mongodb", "ms-wbt-server", "ldap", "https", "domain", "http", "http-alt", "ideafarm-door", "sqlexec", "pop3s"], "User Name": null}
{"Asset": "I-RJZAS0FOLNZLKGWFS", "Data Sources": ["aws_inventory"], "Department": null, "External Ports": null, "External Services": null, "First Time Seen": 1642045514.0, "IP Address": ["106.49.61.10", "172.29.7.126"], "Last Time Seen": 1652845514.0, "Location": "California", "MAC Address": ["74:78:18:36:a9:29"], "Manager": null, "OS and Version": "Windows Server 2016", "Ports": ["22", "27017", "3389", "389", "443", "53", "80", "8080", "902", "9088", "995"], "Risk Factors": ["Open to Public Inbound Access", "Potential Public-facing Asset"], "Serial Number": null, "Services": ["ssh", "mongodb", "ms-wbt-server", "ldap", "https", "domain", "http", "http-alt", "ideafarm-door", "sqlexec", "pop3s"], "User Name": null}
{"Asset": "I-RJZAS0FOLNZLKGWFS", "Data Sources": ["aws_inventory"], "Department": null, "External Ports": null, "External Services": null, "First Time Seen": 1642045514.0, "IP Address": ["106.49.61.10", "172.29.7.126"], "Last Time Seen": 1652845514.0, "Location": "California", "MAC Address": ["74:78:18:36:a9:29"], "Manager": null, "OS and Version": "Windows Server 2016", "Ports": ["22", "27017", "3389", "389", "443", "53", "80", "8080", "902", "9088", "995"], "Risk Factors": ["Open to Public Inbound Access", "Potential Public-facing Asset"], "Serial Number": null, "Services": ["ssh", "mongodb", "ms-wbt-server", "ldap", "https", "domain", "http", "http-alt", "ideafarm-door", "sqlexec", "pop3s"], "User Name": null}
{"Asset": "I-UDGTIBELAXEVNUB74", "Data Sources": ["aws_inventory", "tenable_vuln_scan"], "Department": "Product", "External Ports": null, "External Services": null, "First Time Seen": 1649832316.0, "IP Address": ["10.47.43.184"], "Last Time Seen": 1653120317.0, "Location": "Warrenton, Oregon", "MAC Address": ["50:76:91:29:a9:1a"], "Manager": "Alfredo Kimber", "OS and Version": "Windows 7", "Ports": ["21", "3389", "389", "53", "8080", "902"], "Risk Factors": ["Potential Private Data Detected", "Potential Unmanaged Asset", "Asset Not Encrypted", "Not Protected by Host IDS", "Not Protected by Network IDS"], "Serial Number": null, "Services": ["ftp", "ms-wbt-server", "ldap", "domain", "http-alt", "ideafarm-door"], "User Name": "SIDDINGS"}
{"Asset": "I-P3LADAPW0JAP3RA5A", "Data Sources": ["aws_inventory"], "Department": "IT", "External Ports": null, "External Services": null, "First Time Seen": 1641442515.0, "IP Address": ["192.168.177.54"], "Last Time Seen": 1653106515.0, "Location": "Virginia", "MAC Address": ["74:66:30:ce:f4:ca"], "Manager": "Eduardo Wendte", "OS and Version": "Ubuntu 16.04.7", "Ports": ["443", "80"], "Risk Factors": ["Potential Private Data Detected", "Potential Unmanaged Asset", "Asset Not Encrypted", "Not Protected by Host IDS", "Not Protected by Network IDS"], "Serial Number": null, "Services": ["https", "http"], "User Name": "LRUSSELL"}
{"Asset": "I-P3LADAPW0JAP3RA5A", "Data Sources": ["aws_inventory"], "Department": "IT", "External Ports": null, "External Services": null, "First Time Seen": 1641442515.0, "IP Address": ["192.168.177.54"], "Last Time Seen": 1653106515.0, "Location": "Virginia", "MAC Address": ["74:66:30:ce:f4:ca"], "Manager": "Eduardo Wendte", "OS and Version": "Ubuntu 16.04.7", "Ports": ["443", "80"], "Risk Factors": ["Potential Private Data Detected", "Potential Unmanaged Asset", "Asset Not Encrypted", "Not Protected by Host IDS", "Not Protected by Network IDS"], "Serial Number": null, "Services": ["https", "http"], "User Name": "LRUSSELL"}
{"Asset": "I-P3LADAPW0JAP3RA5A", "Data Sources": ["aws_inventory"], "Department": "IT", "External Ports": null, "External Services": null, "First Time Seen": 1641442515.0, "IP Address": ["192.168.177.54"], "Last Time Seen": 1653106515.0, "Location": "Virginia", "MAC Address": ["74:66:30:ce:f4:ca"], "Manager": "Eduardo Wendte", "OS and Version": "Ubuntu 16.04.7", "Ports": ["443", "80"], "Risk Factors": ["Potential Private Data Detected", "Potential Unmanaged Asset", "Asset Not Encrypted", "Not Protected by Host IDS", "Not Protected by Network IDS"], "Serial Number": null, "Services": ["https", "http"], "User Name": "LRUSSELL"}
{"Asset": "I-P3LADAPW0JAP3RA5A", "Data Sources": ["aws_inventory"], "Department": "IT", "External Ports": null, "External Services": null, "First Time Seen": 1641442515.0, "IP Address": ["192.168.177.54"], "Last Time Seen": 1653106515.0, "Location": "Virginia", "MAC Address": ["74:66:30:ce:f4:ca"], "Manager": "Eduardo Wendte", "OS and Version": "Ubuntu 16.04.7", "Ports": ["443", "80"], "Risk Factors": ["Potential Private Data Detected", "Potential Unmanaged Asset", "Asset Not Encrypted", "Not Protected by Host IDS", "Not Protected by Network IDS"], "Serial Number": null, "Services": ["https", "http"], "User Name": "LRUSSELL"}
{"Asset": "I-P3LADAPW0JAP3RA5A", "Data Sources": ["aws_inventory"], "Department": "IT", "External Ports": null, "External Services": null, "First Time Seen": 1641442515.0, "IP Address": ["192.168.177.54"], "Last Time Seen": 1653106515.0, "Location": "Virginia", "MAC Address": ["74:66:30:ce:f4:ca"], "Manager": "Eduardo Wendte", "OS and Version": "Ubuntu 16.04.7", "Ports": ["443", "80"], "Risk Factors": ["Potential Private Data Detected", "Potential Unmanaged Asset", "Asset Not Encrypted", "Not Protected by Host IDS", "Not Protected by Network IDS"], "Serial Number": null, "Services": ["https", "http"], "User Name": "LRUSSELL"}
{"Asset": "I-P3LADAPW0JAP3RA5A", "Data Sources": ["aws_inventory"], "Department": "IT", "External Ports": null, "External Services": null, "First Time Seen": 1641442515.0, "IP Address": ["192.168.177.54"], "Last Time Seen": 1653106515.0, "Location": "Virginia", "MAC Address": ["74:66:30:ce:f4:ca"], "Manager": "Eduardo Wendte", "OS and Version": "Ubuntu 16.04.7", "Ports": ["443", "80"], "Risk Factors": ["Potential Private Data Detected", "Potential Unmanaged Asset", "Asset Not Encrypted", "Not Protected by Host IDS", "Not Protected by Network IDS"], "Serial Number": null, "Services": ["https", "http"], "User Name": "LRUSSELL"}
{"Asset": "I-O1UDBS1A7YC7LTUZ1", "Data Sources": ["aws_inventory"], "Department": "IT", "External Ports": null, "External Services": null, "First Time Seen": 1637908516.0, "IP Address": ["10.182.169.195", "95.188.83.148"], "Last Time Seen": 1653374116.0, "Location": "Oregon", "MAC Address": ["8c:51:05:19:8b:8b"], "Manager": "Kurt Gonzalez", "OS and Version": "Windows Server 2012", "Ports": ["22", "27017", "3389", "443", "53", "5900", "902", "9088", "995"], "Risk Factors": ["Open to Public Inbound Access", "Potential Private Data Detected", "Potential Public-facing Asset"], "Serial Number": null, "Services": ["ssh", "mongodb", "ms-wbt-server", "https", "domain", "rfb", "ideafarm-door", "sqlexec", "pop3s"], "User Name": "THOWE"}
{"Asset": "I-1PEAEPOTQDT37EZ5U", "Data Sources": ["aws_inventory"], "Department": "Security", "External Ports": null, "External Services": null, "First Time Seen": 1637562315.0, "IP Address": ["172.23.146.219"], "Last Time Seen": 1653114315.0, "Location": "California", "MAC Address": ["50:59:67:c2:2e:69"], "Manager": "Betty Ward", "OS and Version": "Windows Server 2012", "Ports": null, "Risk Factors": ["Potential Private Data Detected", "Potential Unmanaged Asset", "Asset Not Encrypted", "Not Protected by Host IDS", "Not Protected by Network IDS"], "Serial Number": null, "Services": null, "User Name": "RREID"}
{"Asset": "I-75CH1DP0P3TZ7C7VJ", "Data Sources": ["aws_inventory"], "Department": "Security", "External Ports": null, "External Services": null, "First Time Seen": 1638587115.0, "IP Address": ["10.80.16.146"], "Last Time Seen": 1653102315.0, "Location": "California", "MAC Address": ["f0:af:50:59:7b:67"], "Manager": "William Miller", "OS and Version": "Windows XP", "Ports": ["389", "53", "8080", "902"], "Risk Factors": ["Potential Private Data Detected", "Potential Unmanaged Asset", "Asset Not Encrypted", "Not Protected by Host IDS", "Not Protected by Network IDS"], "Serial Number": null, "Services": ["ldap", "domain", "http-alt", "ideafarm-door"], "User Name": "CPEARSALL"}
{"Asset": "I-W6NBPIJB9B7QGAK8R", "Data Sources": ["aws_inventory"], "Department": "IT", "External Ports": null, "External Services": null, "First Time Seen": 1644635116.0, "IP Address": ["192.168.92.244"], "Last Time Seen": 1653361516.0, "Location": "Oregon", "MAC Address": ["74:57:98:45:d0:23"], "Manager": "Stephen Corona", "OS and Version": "Ubuntu 16.04.7", "Ports": null, "Risk Factors": ["Potential Private Data Detected", "Potential Unmanaged Asset", "Asset Not Encrypted", "Not Protected by Host IDS", "Not Protected by Network IDS"], "Serial Number": null, "Services": null, "User Name": "JCRAMER"}
{"Asset": "I-W6NBPIJB9B7QGAK8R", "Data Sources": ["aws_inventory"], "Department": "IT", "External Ports": null, "External Services": null, "First Time Seen": 1644635116.0, "IP Address": ["192.168.92.244"], "Last Time Seen": 1653361516.0, "Location": "Oregon", "MAC Address": ["74:57:98:45:d0:23"], "Manager": "Stephen Corona", "OS and Version": "Ubuntu 16.04.7", "Ports": null, "Risk Factors": ["Potential Private Data Detected", "Potential Unmanaged Asset", "Asset Not Encrypted", "Not Protected by Host IDS", "Not Protected by Network IDS"], "Serial Number": null, "Services": null, "User Name": "JCRAMER"}
{"Asset": "I-W6NBPIJB9B7QGAK8R", "Data Sources": ["aws_inventory"], "Department": "IT", "External Ports": null, "External Services": null, "First Time Seen": 1644635116.0, "IP Address": ["192.168.92.244"], "Last Time Seen": 1653361516.0, "Location": "Oregon", "MAC Address": ["74:57:98:45:d0:23"], "Manager": "Stephen Corona", "OS and Version": "Ubuntu 16.04.7", "Ports": null, "Risk Factors": ["Potential Private Data Detected", "Potential Unmanaged Asset", "Asset Not Encrypted", "Not Protected by Host IDS", "Not Protected by Network IDS"], "Serial Number": null, "Services": null, "User Name": "JCRAMER"}
{"Asset": "I-W6NBPIJB9B7QGAK8R", "Data Sources": ["aws_inventory"], "Department": "IT", "External Ports": null, "External Services": null, "First Time Seen": 1644635116.0, "IP Address": ["192.168.92.244"], "Last Time Seen": 1653361516.0, "Location": "Oregon", "MAC Address": ["74:57:98:45:d0:23"], "Manager": "Stephen Corona", "OS and Version": "Ubuntu 16.04.7", "Ports": null, "Risk Factors": ["Potential Private Data Detected", "Potential Unmanaged Asset", "Asset Not Encrypted", "Not Protected by Host IDS", "Not Protected by Network IDS"], "Serial Number": null, "Services": null, "User Name": "JCRAMER"}
{"Asset": "I-W6NBPIJB9B7QGAK8R", "Data Sources": ["aws_inventory"], "Department": "IT", "External Ports": null, "External Services": null, "First Time Seen": 1644635116.0, "IP Address": ["192.168.92.244"], "Last Time Seen": 1653361516.0, "Location": "Oregon", "MAC Address": ["74:57:98:45:d0:23"], "Manager": "Stephen Corona", "OS and Version": "Ubuntu 16.04.7", "Ports": null, "Risk Factors": ["Potential Private Data Detected", "Potential Unmanaged Asset", "Asset Not Encrypted", "Not Protected by Host IDS", "Not Protected by Network IDS"], "Serial Number": null, "Services": null, "User Name": "JCRAMER"}
{"Asset": "I-AQE4QLIZ29W5NKQ1F", "Data Sources": ["aws_inventory", "tenable_vuln_scan"], "Department": null, "External Ports": null, "External Services": null, "First Time Seen": 1653289516.0, "IP Address": ["10.74.60.72", "219.238.108.5"], "Last Time Seen": 1653375916.0, "Location": "Oregon", "MAC Address": ["50:58:4f:f1:b2:a2"], "Manager": null, "OS and Version": "Windows Server 2012", "Ports": ["21", "3389", "389", "443", "80", "8080", "902", "995"], "Risk Factors": ["Open to Public Inbound Access", "Potential Public-facing Asset"], "Serial Number": null, "Services": ["ftp", "ms-wbt-server", "ldap", "https", "http", "http-alt", "ideafarm-door", "pop3s"], "User Name": null}
{"Asset": "LHOLLIN-O7361AN", "Data Sources": ["ad_computer", "infoblox_dhcp", "sentinelone_agent", "sepm_protection"], "Department": "Product", "External Ports": null, "External Services": null, "First Time Seen": 1638521596.0, "IP Address": ["172.16.60.135"], "Last Time Seen": 1653373430.0, "Location": null, "MAC Address": ["50:58:00:e9:39:15"], "Manager": "Ma Williams", "OS and Version": "Mac OS X 10.8", "Ports": null, "Risk Factors": ["Potential Unmanaged Asset"], "Serial Number": "O7361AN", "Services": null, "User Name": "LHOLLIN"}
{"Asset": "WFOWLER-HF5Y20J", "Data Sources": ["ad_computer", "infoblox_dhcp", "sentinelone_agent", "sepm_protection"], "Department": "IT", "External Ports": null, "External Services": null, "First Time Seen": 1645819516.0, "IP Address": ["192.168.58.251"], "Last Time Seen": 1653375827.0, "Location": null, "MAC Address": ["28:38:cf:50:56:4e"], "Manager": "Hannah Castillo", "OS and Version": "Windows Server 2012", "Ports": null, "Risk Factors": ["Endpoint Infections/Threats Detected", "Potential Unmanaged Asset"], "Serial Number": "HF5Y20J", "Services": null, "User Name": "WFOWLER"}
{"Asset": "I-6VJW9FFFS5VIFKCHG", "Data Sources": ["aws_inventory"], "Department": "HR", "External Ports": null, "External Services": null, "First Time Seen": 1647836715.0, "IP Address": ["192.168.114.184"], "Last Time Seen": 1653107115.0, "Location": "California", "MAC Address": ["50:38:2f:4f:b3:6b"], "Manager": "Sarah Jones", "OS and Version": "Windows 7", "Ports": ["21", "22", "27017", "3389", "389", "53", "5900", "80", "8080", "902", "9088", "995"], "Risk Factors": ["Potential Private Data Detected", "Potential Unmanaged Asset", "Asset Not Encrypted", "Not Protected by Host IDS", "Not Protected by Network IDS"], "Serial Number": null, "Services": ["ftp", "ssh", "mongodb", "ms-wbt-server", "ldap", "domain", "rfb", "http", "http-alt", "ideafarm-door", "sqlexec", "pop3s"], "User Name": "JCHRISTOPHER"}
{"Asset": "I-VTMI7AESXAFJWLOSW", "Data Sources": ["aws_inventory"], "Department": "Finance", "External Ports": null, "External Services": null, "First Time Seen": 1652583914.0, "IP Address": ["172.20.238.230"], "Last Time Seen": 1652843114.0, "Location": "Oregon", "MAC Address": ["74:37:3b:ce:de:13"], "Manager": "William Thurmond", "OS and Version": "Windows Server 2012", "Ports": ["21", "27017", "5900", "902"], "Risk Factors": ["Potential Private Data Detected", "Potential Unmanaged Asset", "Asset Not Encrypted", "Not Protected by Host IDS", "Not Protected by Network IDS"], "Serial Number": null, "Services": ["ftp", "mongodb", "rfb", "ideafarm-door"], "User Name": "RROWLEY"}
{"Asset": "I-VTMI7AESXAFJWLOSW", "Data Sources": ["aws_inventory"], "Department": "Finance", "External Ports": null, "External Services": null, "First Time Seen": 1652583914.0, "IP Address": ["172.20.238.230"], "Last Time Seen": 1652843114.0, "Location": "Oregon", "MAC Address": ["74:37:3b:ce:de:13"], "Manager": "William Thurmond", "OS and Version": "Windows Server 2012", "Ports": ["21", "27017", "5900", "902"], "Risk Factors": ["Potential Private Data Detected", "Potential Unmanaged Asset", "Asset Not Encrypted", "Not Protected by Host IDS", "Not Protected by Network IDS"], "Serial Number": null, "Services": ["ftp", "mongodb", "rfb", "ideafarm-door"], "User Name": "RROWLEY"}
{"Asset": "I-VTMI7AESXAFJWLOSW", "Data Sources": ["aws_inventory"], "Department": "Finance", "External Ports": null, "External Services": null, "First Time Seen": 1652583914.0, "IP Address": ["172.20.238.230"], "Last Time Seen": 1652843114.0, "Location": "Oregon", "MAC Address": ["74:37:3b:ce:de:13"], "Manager": "William Thurmond", "OS and Version": "Windows Server 2012", "Ports": ["21", "27017", "5900", "902"], "Risk Factors": ["Potential Private Data Detected", "Potential Unmanaged Asset", "Asset Not Encrypted", "Not Protected by Host IDS", "Not Protected by Network IDS"], "Serial Number": null, "Services": ["ftp", "mongodb", "rfb", "ideafarm-door"], "User Name": "RROWLEY"}
{"Asset": "I-VTMI7AESXAFJWLOSW", "Data Sources": ["aws_inventory"], "Department": "Finance", "External Ports": null, "External Services": null, "First Time Seen": 1652583914.0, "IP Address": ["172.20.238.230"], "Last Time Seen": 1652843114.0, "Location": "Oregon", "MAC Address": ["74:37:3b:ce:de:13"], "Manager": "William Thurmond", "OS and Version": "Windows Server 2012", "Ports": ["21", "27017", "5900", "902"], "Risk Factors": ["Potential Private Data Detected", "Potential Unmanaged Asset", "Asset Not Encrypted", "Not Protected by Host IDS", "Not Protected by Network IDS"], "Serial Number": null, "Services": ["ftp", "mongodb", "rfb", "ideafarm-door"], "User Name": "RROWLEY"}
{"Asset": "I-VTMI7AESXAFJWLOSW", "Data Sources": ["aws_inventory"], "Department": "Finance", "External Ports": null, "External Services": null, "First Time Seen": 1652583914.0, "IP Address": ["172.20.238.230"], "Last Time Seen": 1652843114.0, "Location": "Oregon", "MAC Address": ["74:37:3b:ce:de:13"], "Manager": "William Thurmond", "OS and Version": "Windows Server 2012", "Ports": ["21", "27017", "5900", "902"], "Risk Factors": ["Potential Private Data Detected", "Potential Unmanaged Asset", "Asset Not Encrypted", "Not Protected by Host IDS", "Not Protected by Network IDS"], "Serial Number": null, "Services": ["ftp", "mongodb", "rfb", "ideafarm-door"], "User Name": "RROWLEY"}
{"Asset": "TGARNER-ECH8DZA", "Data Sources": ["ad_computer", "infoblox_dhcp", "sentinelone_agent", "sepm_protection"], "Department": "Marketing", "External Ports": null, "External Services": null, "First Time Seen": 1647204796.0, "IP Address": ["10.130.187.118"], "Last Time Seen": 1653370680.0, "Location": null, "MAC Address": ["fc:ea:50:35:82:5d"], "Manager": "Mary Romero", "OS and Version": "Windows XP", "Ports": null, "Risk Factors": ["Potential Unmanaged Asset"], "Serial Number": "ECH8DZA", "Services": null, "User Name": "TGARNER"}
{"Asset": "FLOCK-GZ4M2XL", "Data Sources": ["ad_computer", "infoblox_dhcp", "os_secure_login", "sentinelone_agent", "sepm_protection"], "Department": "Legal", "External Ports": null, "External Services": null, "First Time Seen": 1646108038.0, "IP Address": ["120.175.172.253", "192.168.208.58"], "Last Time Seen": 1653120316.0, "Location": "Jakarta, Jakarta Raya", "MAC Address": ["50:29:7b:8f:59:29"], "Manager": "Kathleen Wade", "OS and Version": "Mac OS X 10.15", "Ports": null, "Risk Factors": ["Potential Public-facing Asset", "Potential Private Data Detected"], "Serial Number": "GZ4M2XL", "Services": null, "User Name": "FLOCK"}
{"Asset": "172.22.145.60", "Data Sources": ["tenable_vuln_scan"], "Department": null, "External Ports": null, "External Services": null, "First Time Seen": 1652788635.0, "IP Address": ["172.22.145.60"], "Last Time Seen": 1652823675.0, "Location": null, "MAC Address": ["74:28:57:9a:bc:24"], "Manager": null, "OS and Version": null, "Ports": null, "Risk Factors": ["Critical Severity Vulnerabilities Detected", "High Severity Vulnerabilities Detected"], "Serial Number": null, "Services": null, "User Name": null}
{"Asset": "172.22.145.60", "Data Sources": ["tenable_vuln_scan"], "Department": null, "External Ports": null, "External Services": null, "First Time Seen": 1652788635.0, "IP Address": ["172.22.145.60"], "Last Time Seen": 1652823675.0, "Location": null, "MAC Address": ["74:28:57:9a:bc:24"], "Manager": null, "OS and Version": null, "Ports": null, "Risk Factors": ["Critical Severity Vulnerabilities Detected", "High Severity Vulnerabilities Detected"], "Serial Number": null, "Services": null, "User Name": null}
{"Asset": "172.22.145.60", "Data Sources": ["tenable_vuln_scan"], "Department": null, "External Ports": null, "External Services": null, "First Time Seen": 1652788635.0, "IP Address": ["172.22.145.60"], "Last Time Seen": 1652823675.0, "Location": null, "MAC Address": ["74:28:57:9a:bc:24"], "Manager": null, "OS and Version": null, "Ports": null, "Risk Factors": ["Critical Severity Vulnerabilities Detected", "High Severity Vulnerabilities Detected"], "Serial Number": null, "Services": null, "User Name": null}
{"Asset": "172.22.145.60", "Data Sources": ["tenable_vuln_scan"], "Department": null, "External Ports": null, "External Services": null, "First Time Seen": 1652788635.0, "IP Address": ["172.22.145.60"], "Last Time Seen": 1652823675.0, "Location": null, "MAC Address": ["74:28:57:9a:bc:24"], "Manager": null, "OS and Version": null, "Ports": null, "Risk Factors": ["Critical Severity Vulnerabilities Detected", "High Severity Vulnerabilities Detected"], "Serial Number": null, "Services": null, "User Name": null}
{"Asset": "172.22.145.60", "Data Sources": ["tenable_vuln_scan"], "Department": null, "External Ports": null, "External Services": null, "First Time Seen": 1652788635.0, "IP Address": ["172.22.145.60"], "Last Time Seen": 1652823675.0, "Location": null, "MAC Address": ["74:28:57:9a:bc:24"], "Manager": null, "OS and Version": null, "Ports": null, "Risk Factors": ["Critical Severity Vulnerabilities Detected", "High Severity Vulnerabilities Detected"], "Serial Number": null, "Services": null, "User Name": null}
{"Asset": "I-1B1ZAGM07H32BM855", "Data Sources": ["aws_inventory"], "Department": "Product", "External Ports": null, "External Services": null, "First Time Seen": 1651734315.0, "IP Address": ["172.17.64.138"], "Last Time Seen": 1653116715.0, "Location": "Virginia", "MAC Address": ["d0:dd:49:84:7b:9e"], "Manager": "Howard Corbo", "OS and Version": "Windows Server 2016", "Ports": ["22", "3389", "443", "5900", "80", "8080", "902", "9088", "995"], "Risk Factors": ["Potential Private Data Detected", "Potential Unmanaged Asset", "Asset Not Encrypted", "Not Protected by Host IDS", "Not Protected by Network IDS"], "Serial Number": null, "Services": ["ssh", "ms-wbt-server", "https", "rfb", "http", "http-alt", "ideafarm-door", "sqlexec", "pop3s"], "User Name": "MHARWOOD"}
{"Asset": "I-OV5SNL97TUZSJC3T0", "Data Sources": ["aws_inventory"], "Department": null, "External Ports": null, "External Services": null, "First Time Seen": 1651118715.0, "IP Address": ["10.37.163.228"], "Last Time Seen": 1653105915.0, "Location": "Oregon", "MAC Address": ["00:0b:50:15:01:e2"], "Manager": null, "OS and Version": "Windows Server 2012", "Ports": ["21", "27017", "3389", "389", "443", "53", "5900", "80", "8080", "9088", "995"], "Risk Factors": ["Potential Unmanaged Asset", "Asset Not Encrypted", "Not Protected by Host IDS", "Not Protected by Network IDS"], "Serial Number": null, "Services": ["ftp", "mongodb", "ms-wbt-server", "ldap", "https", "domain", "rfb", "http", "http-alt", "sqlexec", "pop3s"], "User Name": null}
{"Asset": "I-F03TMCKEL7L0LVN1H", "Data Sources": ["aws_inventory"], "Department": "HR", "External Ports": null, "External Services": null, "First Time Seen": 1646378115.0, "IP Address": ["172.27.11.37"], "Last Time Seen": 1653117315.0, "Location": "Ohio", "MAC Address": ["50:13:95:84:05:69"], "Manager": "Robert Maxwell", "OS and Version": "Ubuntu 16.04.7", "Ports": ["443", "5900", "9088", "995"], "Risk Factors": ["Potential Private Data Detected", "Potential Unmanaged Asset", "Asset Not Encrypted", "Not Protected by Host IDS", "Not Protected by Network IDS"], "Serial Number": null, "Services": ["https", "rfb", "sqlexec", "pop3s"], "User Name": "MKING"}
{"Asset": "RTHOMPSON-0QJUICD", "Data Sources": ["ad_computer", "infoblox_dhcp", "sentinelone_agent", "tenable_vuln_scan"], "Department": "Sales", "External Ports": null, "External Services": null, "First Time Seen": 1649311479.0, "IP Address": ["172.25.131.127"], "Last Time Seen": 1653372876.0, "Location": null, "MAC Address": ["00:0e:73:64:47:39"], "Manager": "Shaun Eldridge", "OS and Version": "Windows 10", "Ports": null, "Risk Factors": ["Potential Unmanaged Asset", "Potential Private Data Detected", "Critical Severity Vulnerabilities Detected", "High Severity Vulnerabilities Detected"], "Serial Number": "0QJUICD", "Services": null, "User Name": "RTHOMPSON"}
{"Asset": "LGONZALEZ-FNSKC5B", "Data Sources": ["ad_computer", "infoblox_dhcp", "os_secure_login", "sentinelone_agent", "sepm_protection"], "Department": "Marketing", "External Ports": null, "External Services": null, "First Time Seen": 1643622076.0, "IP Address": ["10.156.115.229"], "Last Time Seen": 1653371311.0, "Location": null, "MAC Address": ["00:0e:50:02:72:c8"], "Manager": "Kristie Martin", "OS and Version": "Windows Server 2012", "Ports": null, "Risk Factors": ["Potential Unmanaged Asset", "Potential Private Data Detected"], "Serial Number": "FNSKC5B", "Services": null, "User Name": "LGONZALEZ"}
{"Asset": "I-7PM1FMZ9UEFYVURCI", "Data Sources": ["aws_inventory", "tenable_vuln_scan"], "Department": "Security", "External Ports": null, "External Services": null, "First Time Seen": 1644552916.0, "IP Address": ["172.30.167.92"], "Last Time Seen": 1653365716.0, "Location": "Oregon", "MAC Address": ["50:01:6b:f5:d2:5b"], "Manager": "Mary Romero", "OS and Version": "Windows 10", "Ports": ["21", "27017", "3389", "389", "443", "5900", "80", "8080", "902", "9088"], "Risk Factors": ["Potential Private Data Detected", "Potential Unmanaged Asset", "Asset Not Encrypted", "Not Protected by Host IDS", "Not Protected by Network IDS"], "Serial Number": null, "Services": ["ftp", "mongodb", "ms-wbt-server", "ldap", "https", "rfb", "http", "http-alt", "ideafarm-door", "sqlexec"], "User Name": "TWEATHERSBY"}
{"Asset": "I-6F4H6NU020Z64VI27", "Data Sources": ["aws_inventory"], "Department": null, "External Ports": null, "External Services": null, "First Time Seen": 1648365316.0, "IP Address": ["10.50.220.94"], "Last Time Seen": 1653376516.0, "Location": "California", "MAC Address": ["00:1b:48:93:09:dc"], "Manager": null, "OS and Version": "Windows Server 2016", "Ports": ["21", "22", "27017", "5900", "8080", "9088", "995"], "Risk Factors": ["Potential Unmanaged Asset", "Asset Not Encrypted", "Not Protected by Host IDS", "Not Protected by Network IDS"], "Serial Number": null, "Services": ["ftp", "ssh", "mongodb", "rfb", "http-alt", "sqlexec", "pop3s"], "User Name": null}
{"Asset": "I-POJ14MO8VDMQV3THM", "Data Sources": ["aws_inventory"], "Department": "Sales", "External Ports": null, "External Services": null, "First Time Seen": 1642737916.0, "IP Address": ["192.168.86.211"], "Last Time Seen": 1653365116.0, "Location": "California", "MAC Address": ["48:88:03:4b:17:4c"], "Manager": "Lawrence Cowan", "OS and Version": "Windows XP", "Ports": null, "Risk Factors": ["Potential Unmanaged Asset", "Asset Not Encrypted", "Not Protected by Host IDS", "Not Protected by Network IDS"], "Serial Number": null, "Services": null, "User Name": "RHOLMES"}
{"Asset": "TKLINGER-PEF8GCR", "Data Sources": ["ad_computer", "infoblox_dhcp", "sentinelone_agent", "sepm_protection"], "Department": "Security", "External Ports": null, "External Services": null, "First Time Seen": 1640501760.0, "IP Address": ["10.207.162.171"], "Last Time Seen": 1653377010.0, "Location": null, "MAC Address": ["00:1b:48:83:67:61"], "Manager": "Candace Baker", "OS and Version": "Mac OS X 10.15", "Ports": null, "Risk Factors": ["Potential Unmanaged Asset", "Potential Private Data Detected"], "Serial Number": "PEF8GCR", "Services": null, "User Name": "TKLINGER"}
{"Asset": "I-XQFPF5FW0M53VWVR3", "Data Sources": ["aws_inventory"], "Department": "Sales", "External Ports": null, "External Services": null, "First Time Seen": 1650866716.0, "IP Address": ["10.74.233.13"], "Last Time Seen": 1653372316.0, "Location": "Oregon", "MAC Address": ["00:0f:2d:72:81:04"], "Manager": "Marian Part", "OS and Version": "Windows XP", "Ports": ["3389"], "Risk Factors": ["Potential Private Data Detected", "Potential Unmanaged Asset", "Asset Not Encrypted", "Not Protected by Host IDS", "Not Protected by Network IDS"], "Serial Number": null, "Services": ["ms-wbt-server"], "User Name": "JNOWAKOWSKI"}
{"Asset": "I-XQFPF5FW0M53VWVR3", "Data Sources": ["aws_inventory"], "Department": "Sales", "External Ports": null, "External Services": null, "First Time Seen": 1650866716.0, "IP Address": ["10.74.233.13"], "Last Time Seen": 1653372316.0, "Location": "Oregon", "MAC Address": ["00:0f:2d:72:81:04"], "Manager": "Marian Part", "OS and Version": "Windows XP", "Ports": ["3389"], "Risk Factors": ["Potential Private Data Detected", "Potential Unmanaged Asset", "Asset Not Encrypted", "Not Protected by Host IDS", "Not Protected by Network IDS"], "Serial Number": null, "Services": ["ms-wbt-server"], "User Name": "JNOWAKOWSKI"}
{"Asset": "I-XQFPF5FW0M53VWVR3", "Data Sources": ["aws_inventory"], "Department": "Sales", "External Ports": null, "External Services": null, "First Time Seen": 1650866716.0, "IP Address": ["10.74.233.13"], "Last Time Seen": 1653372316.0, "Location": "Oregon", "MAC Address": ["00:0f:2d:72:81:04"], "Manager": "Marian Part", "OS and Version": "Windows XP", "Ports": ["3389"], "Risk Factors": ["Potential Private Data Detected", "Potential Unmanaged Asset", "Asset Not Encrypted", "Not Protected by Host IDS", "Not Protected by Network IDS"], "Serial Number": null, "Services": ["ms-wbt-server"], "User Name": "JNOWAKOWSKI"}
{"Asset": "I-XQFPF5FW0M53VWVR3", "Data Sources": ["aws_inventory"], "Department": "Sales", "External Ports": null, "External Services": null, "First Time Seen": 1650866716.0, "IP Address": ["10.74.233.13"], "Last Time Seen": 1653372316.0, "Location": "Oregon", "MAC Address": ["00:0f:2d:72:81:04"], "Manager": "Marian Part", "OS and Version": "Windows XP", "Ports": ["3389"], "Risk Factors": ["Potential Private Data Detected", "Potential Unmanaged Asset", "Asset Not Encrypted", "Not Protected by Host IDS", "Not Protected by Network IDS"], "Serial Number": null, "Services": ["ms-wbt-server"], "User Name": "JNOWAKOWSKI"}
{"Asset": "I-XQFPF5FW0M53VWVR3", "Data Sources": ["aws_inventory"], "Department": "Sales", "External Ports": null, "External Services": null, "First Time Seen": 1650866716.0, "IP Address": ["10.74.233.13"], "Last Time Seen": 1653372316.0, "Location": "Oregon", "MAC Address": ["00:0f:2d:72:81:04"], "Manager": "Marian Part", "OS and Version": "Windows XP", "Ports": ["3389"], "Risk Factors": ["Potential Private Data Detected", "Potential Unmanaged Asset", "Asset Not Encrypted", "Not Protected by Host IDS", "Not Protected by Network IDS"], "Serial Number": null, "Services": ["ms-wbt-server"], "User Name": "JNOWAKOWSKI"}
{"Asset": "I-XQFPF5FW0M53VWVR3", "Data Sources": ["aws_inventory"], "Department": "Sales", "External Ports": null, "External Services": null, "First Time Seen": 1650866716.0, "IP Address": ["10.74.233.13"], "Last Time Seen": 1653372316.0, "Location": "Oregon", "MAC Address": ["00:0f:2d:72:81:04"], "Manager": "Marian Part", "OS and Version": "Windows XP", "Ports": ["3389"], "Risk Factors": ["Potential Private Data Detected", "Potential Unmanaged Asset", "Asset Not Encrypted", "Not Protected by Host IDS", "Not Protected by Network IDS"], "Serial Number": null, "Services": ["ms-wbt-server"], "User Name": "JNOWAKOWSKI"}
{"Asset": "I-XQFPF5FW0M53VWVR3", "Data Sources": ["aws_inventory"], "Department": "Sales", "External Ports": null, "External Services": null, "First Time Seen": 1650866716.0, "IP Address": ["10.74.233.13"], "Last Time Seen": 1653372316.0, "Location": "Oregon", "MAC Address": ["00:0f:2d:72:81:04"], "Manager": "Marian Part", "OS and Version": "Windows XP", "Ports": ["3389"], "Risk Factors": ["Potential Private Data Detected", "Potential Unmanaged Asset", "Asset Not Encrypted", "Not Protected by Host IDS", "Not Protected by Network IDS"], "Serial Number": null, "Services": ["ms-wbt-server"], "User Name": "JNOWAKOWSKI"}
{"Asset": "MPAZ-Y6YBYEL", "Data Sources": ["ad_computer", "infoblox_dhcp", "pan_vpn", "sentinelone_agent"], "Department": "Legal", "External Ports": null, "External Services": null, "First Time Seen": 1651521916.0, "IP Address": ["10.156.255.45", "138.247.163.173"], "Last Time Seen": 1653111847.0, "Location": "Cheney, Kansas", "MAC Address": ["f4:ce:48:76:3d:70"], "Manager": "Rafael Diamond", "OS and Version": "Windows Server 2016", "Ports": null, "Risk Factors": ["Potential Unmanaged Asset", "Potential Public-facing Asset", "Potential Private Data Detected"], "Serial Number": "Y6YBYEL", "Services": null, "User Name": "MPAZ"}
{"Asset": "I-IW3MUUZEVLIP40RCZ", "Data Sources": ["aws_inventory"], "Department": null, "External Ports": null, "External Services": null, "First Time Seen": 1648708516.0, "IP Address": ["172.16.169.216"], "Last Time Seen": 1653374116.0, "Location": "Oregon", "MAC Address": ["48:74:6e:5a:70:3d"], "Manager": null, "OS and Version": "Ubuntu 18.04.6", "Ports": ["9088"], "Risk Factors": ["Potential Unmanaged Asset", "Asset Not Encrypted", "Not Protected by Host IDS", "Not Protected by Network IDS"], "Serial Number": null, "Services": ["sqlexec"], "User Name": null}
